Ticker,Date,Actual,Estimate,Performance,StartDate,EndDate
STZ,4/6/2017,1.48,1.364,0.085043988,1/10/2017,5/19/2017
EA,5/9/2017,0.85,0.747,0.137884873,2/10/2017,6/21/2017
MCHP,5/9/2017,1.16,1.065,0.089201878,2/10/2017,6/21/2017
CA,5/11/2017,0.54,0.492,0.097560976,2/14/2017,6/23/2017
RL,5/18/2017,0.89,0.778,0.143958869,2/22/2017,6/30/2017
MCK,5/18/2017,3.42,3.002,0.139240506,2/22/2017,6/30/2017
TTWO,5/23/2017,0.71,0.568,0.25,2/27/2017,7/6/2017
DXC,5/25/2017,1.15,0.827,0.390568319,3/1/2017,7/10/2017
HRB,6/13/2017,3.76,3.531,0.064854149,3/17/2017,7/26/2017
FDX,6/20/2017,4.25,3.875,0.096774194,3/24/2017,8/2/2017
ORCL,6/21/2017,0.89,0.784,0.135204082,3/27/2017,8/3/2017
NKE,6/29/2017,0.6,0.501,0.19760479,4/4/2017,8/11/2017
CTAS,7/20/2017,1.25,1.107,0.129177958,4/25/2017,8/31/2017
PH,8/3/2017,2.45,2.308,0.06152513,5/9/2017,9/15/2017
NWSA,8/10/2017,0.11,0.095,0.157894737,5/16/2017,9/22/2017
EL,8/18/2017,0.51,0.431,0.183294664,5/24/2017,10/2/2017
INTU,8/22/2017,0.2,0.168,0.19047619,5/26/2017,10/4/2017
MU,9/26/2017,2.02,1.84,0.097826087,6/30/2017,11/7/2017
MON,10/4/2017,0.2,-0.419,-1.477326969,7/11/2017,11/15/2017
V,10/25/2017,0.9,0.847,0.06257379,8/1/2017,12/7/2017
WBA,10/25/2017,1.31,1.211,0.081750619,8/1/2017,12/7/2017
FFIV,10/25/2017,2.44,2.205,0.106575964,8/1/2017,12/7/2017
RJF,10/25/2017,1.47,1.323,0.111111111,8/1/2017,12/7/2017
TEL,11/1/2017,1.25,1.156,0.081314879,8/8/2017,12/14/2017
QCOM,11/1/2017,0.92,0.823,0.117861482,8/8/2017,12/14/2017
WRK,11/2/2017,0.87,0.797,0.091593476,8/9/2017,12/15/2017
AAPL,11/2/2017,2.07,1.87,0.106951872,8/9/2017,12/15/2017
HP,11/16/2017,-0.13,-0.186,-0.301075269,8/23/2017,1/2/2018
A,11/20/2017,0.67,0.624,0.073717949,8/25/2017,1/4/2018
JEC,11/21/2017,0.98,0.823,0.190765492,8/28/2017,1/5/2018
ADI,11/21/2017,1.45,1.364,0.063049853,8/28/2017,1/5/2018
HPE,11/21/2017,0.31,0.282,0.09929078,8/28/2017,1/5/2018
DE,11/22/2017,1.57,1.469,0.068754255,8/29/2017,1/8/2018
SNPS,11/29/2017,0.69,0.573,0.204188482,9/5/2017,1/12/2018
ADBE,12/14/2017,1.26,1.157,0.089023336,9/20/2017,1/30/2018
CCL,12/19/2017,0.63,0.507,0.24260355,9/25/2017,2/2/2018
DAL,1/11/2018,0.96,0.874,0.098398169,10/16/2017,2/26/2018
CSX,1/16/2018,0.64,0.563,0.136767318,10/18/2017,2/28/2018
BAC,1/17/2018,0.48,0.445,0.078651685,10/19/2017,3/1/2018
GS,1/17/2018,5.68,4.901,0.158947154,10/19/2017,3/1/2018
SCHW,1/17/2018,0.44,0.415,0.060240964,10/19/2017,3/1/2018
KMI,1/17/2018,0.21,0.182,0.153846154,10/19/2017,3/1/2018
MS,1/18/2018,0.84,0.768,0.09375,10/20/2017,3/2/2018
MTB,1/18/2018,2.66,2.404,0.106489185,10/20/2017,3/2/2018
PBCT,1/18/2018,0.31,0.268,0.156716418,10/20/2017,3/2/2018
RF,1/19/2018,0.34,0.26,0.307692308,10/23/2017,3/5/2018
SYF,1/19/2018,0.7,0.637,0.098901099,10/23/2017,3/5/2018
SLB,1/19/2018,0.48,0.442,0.085972851,10/23/2017,3/5/2018
HAL,1/22/2018,0.53,0.467,0.13490364,10/24/2017,3/6/2018
ZION,1/22/2018,0.81,0.732,0.106557377,10/24/2017,3/6/2018
FITB,1/23/2018,0.52,0.477,0.090146751,10/25/2017,3/7/2018
TRV,1/23/2018,2.28,1.502,0.517976032,10/25/2017,3/7/2018
STT,1/23/2018,1.83,1.699,0.077104179,10/25/2017,3/7/2018
BHGE,1/24/2018,0.15,0.139,0.079136691,10/26/2017,3/8/2018
RCL,1/24/2018,1.34,1.205,0.112033195,10/26/2017,3/8/2018
NSC,1/24/2018,1.69,1.572,0.075063613,10/26/2017,3/8/2018
GWW,1/24/2018,2.94,2.2,0.336363636,10/26/2017,3/8/2018
PGR,1/24/2018,0.84,0.773,0.086675291,10/26/2017,3/8/2018
CCI,1/24/2018,1.05,0.93,0.129032258,10/26/2017,3/8/2018
AEP,1/25/2018,0.85,0.792,0.073232323,10/27/2017,3/9/2018
CAT,1/25/2018,2.16,1.77,0.220338983,10/27/2017,3/9/2018
ADS,1/25/2018,6.26,4.993,0.253755257,10/27/2017,3/9/2018
INTC,1/25/2018,1.08,0.865,0.248554913,10/27/2017,3/9/2018
ISRG,1/25/2018,2.54,2.355,0.078556263,10/27/2017,3/9/2018
SIVB,1/25/2018,2.83,2.557,0.106765741,10/27/2017,3/9/2018
AJG,1/25/2018,0.82,0.744,0.102150538,10/27/2017,3/9/2018
LMT,1/29/2018,4.3,4.053,0.060942512,10/31/2017,3/13/2018
AET,1/30/2018,1.25,1.172,0.066552901,11/1/2017,3/14/2018
DOV,1/30/2018,1.13,1.043,0.083413231,11/1/2017,3/14/2018
PFE,1/30/2018,0.62,0.562,0.103202847,11/1/2017,3/14/2018
AOS,1/30/2018,0.6,0.563,0.065719361,11/1/2017,3/14/2018
MCD,1/30/2018,1.71,1.589,0.076148521,11/1/2017,3/14/2018
HCA,1/30/2018,2.13,1.875,0.136,11/1/2017,3/14/2018
NUE,1/30/2018,0.65,0.554,0.173285199,11/1/2017,3/14/2018
ALGN,1/30/2018,1.19,0.958,0.24217119,11/1/2017,3/14/2018
ILMN,1/30/2018,1.44,1.253,0.14924182,11/1/2017,3/14/2018
AMD,1/30/2018,0.08,0.049,0.632653061,11/1/2017,3/14/2018
LLY,1/31/2018,1.14,1.074,0.061452514,11/2/2017,3/15/2018
AVY,1/31/2018,1.33,1.249,0.064851882,11/2/2017,3/15/2018
VRTX,1/31/2018,0.61,0.53,0.150943396,11/2/2017,3/15/2018
FB,1/31/2018,2.21,1.946,0.135662898,11/2/2017,3/15/2018
T,1/31/2018,0.78,0.651,0.198156682,11/2/2017,3/15/2018
DWDP,2/1/2018,0.83,0.671,0.236959762,11/3/2017,3/16/2018
IDXX,2/1/2018,0.78,0.728,0.071428571,11/3/2017,3/16/2018
VLO,2/1/2018,1.16,1.079,0.075069509,11/3/2017,3/16/2018
IP,2/1/2018,1.27,1.189,0.068124474,11/3/2017,3/16/2018
MMC,2/1/2018,1.05,0.944,0.112288136,11/3/2017,3/16/2018
MO,2/1/2018,0.91,0.802,0.134663342,11/3/2017,3/16/2018
MSCI,2/1/2018,1.15,0.998,0.152304609,11/3/2017,3/16/2018
BAX,2/1/2018,0.64,0.587,0.090289608,11/3/2017,3/16/2018
TWX,2/1/2018,2.66,1.439,0.848505907,11/3/2017,3/16/2018
AMZN,2/1/2018,2.15,1.834,0.172300981,11/3/2017,3/16/2018
XL,2/1/2018,0.45,0.357,0.260504202,11/3/2017,3/16/2018
EMN,2/1/2018,1.62,1.059,0.529745042,11/3/2017,3/16/2018
LYB,2/2/2018,2.73,2.546,0.072270228,11/6/2017,3/19/2018
PSX,2/2/2018,1.07,0.877,0.220068415,11/6/2017,3/19/2018
ARNC,2/5/2018,0.31,0.256,0.2109375,11/7/2017,3/20/2018
RE,2/5/2018,13.48,5.29,1.548204159,11/7/2017,3/20/2018
NOV,2/5/2018,-0.04,-0.04,0,11/7/2017,3/20/2018
ADM,2/6/2018,0.82,0.7,0.171428571,11/8/2017,3/21/2018
SPGI,2/6/2018,1.85,1.613,0.146931184,11/8/2017,3/21/2018
GM,2/6/2018,1.65,1.377,0.198257081,11/8/2017,3/21/2018
CMI,2/6/2018,3.03,2.675,0.13271028,11/8/2017,3/21/2018
GILD,2/6/2018,1.78,1.674,0.063321386,11/8/2017,3/21/2018
AKAM,2/6/2018,0.69,0.629,0.096979332,11/8/2017,3/21/2018
PXD,2/6/2018,1.22,0.86,0.418604651,11/8/2017,3/21/2018
APC,2/6/2018,0.18,0.034,4.294117647,11/8/2017,3/21/2018
BLL,2/7/2018,0.6,0.518,0.158301158,11/9/2017,3/22/2018
CTSH,2/7/2018,1.03,0.966,0.066252588,11/9/2017,3/22/2018
HAS,2/7/2018,2.3,1.811,0.270016565,11/9/2017,3/22/2018
CINF,2/7/2018,0.93,0.862,0.078886311,11/9/2017,3/22/2018
ALL,2/7/2018,2.09,1.497,0.396125585,11/9/2017,3/22/2018
ALXN,2/8/2018,1.48,1.275,0.160784314,11/10/2017,3/23/2018
REGN,2/8/2018,5.23,4.575,0.143169399,11/10/2017,3/23/2018
YUM,2/8/2018,0.96,0.795,0.20754717,11/10/2017,3/23/2018
GT,2/8/2018,0.99,0.783,0.264367816,11/10/2017,3/23/2018
AIZ,2/8/2018,1.84,1.575,0.168253968,11/10/2017,3/23/2018
HIG,2/8/2018,0.81,0.74,0.094594595,11/10/2017,3/23/2018
VTR,2/9/2018,1.13,1.026,0.101364522,11/13/2017,3/26/2018
MLM,2/13/2018,1.93,1.468,0.314713896,11/15/2017,3/28/2018
HLT,2/14/2018,0.54,0.448,0.205357143,11/16/2017,3/29/2018
WYN,2/14/2018,1.47,1.349,0.089696071,11/16/2017,3/29/2018
TAP,2/14/2018,0.62,0.568,0.091549296,11/16/2017,3/29/2018
DPS,2/14/2018,1.34,1.159,0.156169111,11/16/2017,3/29/2018
IFF,2/14/2018,1.4,1.308,0.070336391,11/16/2017,3/29/2018
CF,2/14/2018,-0.02,-0.071,-0.718309859,11/16/2017,3/29/2018
MRO,2/14/2018,0.07,0.026,1.692307692,11/16/2017,3/29/2018
MAR,2/14/2018,1.12,1.003,0.11665005,11/16/2017,3/29/2018
EQT,2/15/2018,0.76,0.233,2.261802575,11/17/2017,4/2/2018
FLS,2/15/2018,0.68,0.514,0.322957198,11/17/2017,4/2/2018
IPGP,2/16/2018,1.87,1.733,0.079053664,11/20/2017,4/3/2018
ALLE,2/20/2018,1.11,0.93,0.193548387,11/21/2017,4/4/2018
NBL,2/20/2018,0.32,0.039,7.205128205,11/21/2017,4/4/2018
MGM,2/20/2018,0.11,0.087,0.264367816,11/21/2017,4/4/2018
EXPD,2/20/2018,0.71,0.634,0.119873817,11/21/2017,4/4/2018
VRSK,2/20/2018,1.34,0.779,0.720154044,11/21/2017,4/4/2018
FLR,2/20/2018,0.7,0.629,0.112877583,11/21/2017,4/4/2018
CXO,2/20/2018,0.66,0.453,0.456953642,11/21/2017,4/4/2018
NFX,2/20/2018,0.71,0.623,0.13964687,11/21/2017,4/4/2018
AAP,2/21/2018,0.77,0.634,0.214511041,11/22/2017,4/5/2018
SO,2/21/2018,0.51,0.462,0.103896104,11/22/2017,4/5/2018
HST,2/21/2018,0.42,0.393,0.06870229,11/22/2017,4/5/2018
CNP,2/22/2018,0.33,0.298,0.10738255,11/24/2017,4/6/2018
NEM,2/22/2018,0.4,0.37,0.081081081,11/24/2017,4/6/2018
NCLH,2/22/2018,0.68,0.638,0.065830721,11/24/2017,4/6/2018
SCG,2/22/2018,1.01,0.813,0.242312423,11/24/2017,4/6/2018
APA,2/22/2018,0.33,0.242,0.363636364,11/24/2017,4/6/2018
EIX,2/22/2018,1.1,0.916,0.200873362,11/24/2017,4/6/2018
ETR,2/23/2018,0.76,0.455,0.67032967,11/27/2017,4/9/2018
COG,2/23/2018,0.13,0.113,0.150442478,11/27/2017,4/9/2018
PNW,2/23/2018,0.19,0.12,0.583333333,11/27/2017,4/9/2018
AES,2/27/2018,0.43,0.344,0.25,11/29/2017,4/11/2018
SRE,2/27/2018,1.54,1.411,0.091424522,11/29/2017,4/11/2018
AMT,2/27/2018,1.65,1.533,0.076320939,11/29/2017,4/11/2018
DISCA,2/27/2018,0.47,0.411,0.143552311,11/29/2017,4/11/2018
ALB,2/27/2018,1.34,1.215,0.102880658,11/29/2017,4/11/2018
EVHC,2/27/2018,0.59,0.505,0.168316832,11/29/2017,4/11/2018
EOG,2/27/2018,0.69,0.529,0.304347826,11/29/2017,4/11/2018
RRC,2/27/2018,0.22,0.166,0.325301205,11/29/2017,4/11/2018
UHS,2/28/2018,2,1.843,0.085187195,11/30/2017,4/12/2018
NKTR,3/1/2018,-0.15,-0.356,-0.578651685,12/1/2017,4/13/2018
RHT,3/27/2017,0.61,0.608,0.003289474,12/28/2016,5/9/2017
KMX,4/6/2017,0.81,0.786,0.030534351,1/10/2017,5/19/2017
XLNX,4/26/2017,0.57,0.541,0.053604436,1/30/2017,6/8/2017
QRVO,5/3/2017,0.85,0.808,0.051980198,2/6/2017,6/15/2017
NTAP,5/24/2017,0.86,0.822,0.04622871,2/28/2017,7/7/2017
MDT,5/25/2017,1.33,1.313,0.012947449,3/1/2017,7/10/2017
KORS,5/31/2017,0.73,0.7,0.042857143,3/6/2017,7/13/2017
SJM,6/8/2017,1.8,1.722,0.045296167,3/14/2017,7/21/2017
DRI,6/27/2017,1.18,1.154,0.022530329,3/31/2017,8/9/2017
GIS,6/28/2017,0.73,0.711,0.026722925,4/3/2017,8/10/2017
PAYX,6/28/2017,0.54,0.528,0.022727273,4/3/2017,8/10/2017
MSFT,7/20/2017,0.75,0.708,0.059322034,4/25/2017,8/31/2017
LRCX,7/26/2017,3.11,3.025,0.028099174,5/1/2017,9/7/2017
WDC,7/27/2017,2.93,2.833,0.034239322,5/2/2017,9/8/2017
KLAC,7/27/2017,1.64,1.597,0.026925485,5/2/2017,9/8/2017
HRS,8/1/2017,1.49,1.486,0.00269179,5/5/2017,9/13/2017
RMD,8/1/2017,0.77,0.744,0.034946237,5/5/2017,9/13/2017
CAH,8/2/2017,1.31,1.244,0.053054662,5/8/2017,9/14/2017
CLX,8/3/2017,1.53,1.492,0.025469169,5/9/2017,9/15/2017
FOXA,8/9/2017,0.36,0.348,0.034482759,5/15/2017,9/21/2017
SYY,8/14/2017,0.72,0.715,0.006993007,5/18/2017,9/26/2017
TPR,8/15/2017,0.5,0.495,0.01010101,5/19/2017,9/27/2017
CSCO,8/16/2017,0.61,0.606,0.00660066,5/22/2017,9/28/2017
AZO,9/19/2017,15.27,15.113,0.010388407,6/23/2017,10/31/2017
AYI,10/4/2017,2.55,2.435,0.047227926,7/11/2017,11/15/2017
COST,10/5/2017,2.08,2.017,0.031234507,7/12/2017,11/16/2017
APD,10/26/2017,1.76,1.683,0.045751634,8/2/2017,12/8/2017
BEN,10/26/2017,0.76,0.719,0.057023644,8/2/2017,12/8/2017
COL,10/27/2017,1.8,1.79,0.005586592,8/3/2017,12/11/2017
ABC,11/2/2017,1.33,1.321,0.00681302,8/9/2017,12/15/2017
SBUX,11/2/2017,0.55,0.546,0.007326007,8/9/2017,12/15/2017
SWKS,11/6/2017,1.82,1.752,0.038812785,8/11/2017,12/19/2017
HOLX,11/8/2017,0.5,0.489,0.022494888,8/15/2017,12/21/2017
DHI,11/9/2017,0.82,0.814,0.007371007,8/16/2017,12/22/2017
JCI,11/9/2017,0.87,0.867,0.003460208,8/16/2017,12/22/2017
TSN,11/13/2017,1.43,1.363,0.049156273,8/18/2017,12/27/2017
VIAB,11/16/2017,0.88,0.855,0.029239766,8/23/2017,1/2/2018
AMAT,11/16/2017,0.93,0.904,0.028761062,8/23/2017,1/2/2018
HRL,11/21/2017,0.41,0.405,0.012345679,8/28/2017,1/5/2018
AVGO,12/6/2017,4.59,4.52,0.015486726,9/12/2017,1/22/2018
COO,12/7/2017,2.65,2.643,0.002648505,9/13/2017,1/23/2018
BLK,1/12/2018,6.24,5.984,0.042780749,10/17/2017,2/27/2018
JPM,1/12/2018,1.74,1.694,0.027154664,10/17/2017,2/27/2018
PNC,1/12/2018,2.29,2.196,0.0428051,10/17/2017,2/27/2018
UNH,1/16/2018,2.59,2.515,0.029821074,10/18/2017,2/28/2018
INFO,1/16/2018,0.52,0.512,0.015625,10/18/2017,2/28/2018
CMA,1/16/2018,1.28,1.229,0.041497152,10/18/2017,2/28/2018
C,1/16/2018,1.2,1.188,0.01010101,10/18/2017,2/28/2018
USB,1/17/2018,0.88,0.871,0.010332951,10/19/2017,3/1/2018
BBT,1/18/2018,0.84,0.794,0.057934509,10/20/2017,3/2/2018
KEY,1/18/2018,0.36,0.36,0,10/20/2017,3/2/2018
BK,1/18/2018,0.91,0.905,0.005524862,10/20/2017,3/2/2018
IBM,1/18/2018,5.18,5.174,0.001159644,10/20/2017,3/2/2018
AXP,1/18/2018,1.58,1.54,0.025974026,10/20/2017,3/2/2018
STI,1/19/2018,1.09,1.051,0.037107517,10/23/2017,3/5/2018
CFG,1/19/2018,0.71,0.673,0.054977712,10/23/2017,3/5/2018
KSU,1/19/2018,1.38,1.363,0.012472487,10/23/2017,3/5/2018
WYNN,1/22/2018,1.4,1.385,0.010830325,10/24/2017,3/6/2018
JNJ,1/23/2018,1.74,1.724,0.009280742,10/25/2017,3/7/2018
WAT,1/23/2018,2.51,2.453,0.023236853,10/25/2017,3/7/2018
KMB,1/23/2018,1.57,1.545,0.01618123,10/25/2017,3/7/2018
PLD,1/23/2018,0.67,0.663,0.010558069,10/25/2017,3/7/2018
TXN,1/23/2018,1.09,1.085,0.004608295,10/25/2017,3/7/2018
UAL,1/23/2018,1.4,1.338,0.046337818,10/25/2017,3/7/2018
TSS,1/23/2018,0.82,0.785,0.044585987,10/25/2017,3/7/2018
NAVI,1/23/2018,0.43,0.416,0.033653846,10/25/2017,3/7/2018
UTX,1/24/2018,1.6,1.566,0.021711367,10/26/2017,3/8/2018
SWK,1/24/2018,2.18,2.147,0.015370284,10/26/2017,3/8/2018
CMCSA,1/24/2018,0.49,0.469,0.044776119,10/26/2017,3/8/2018
NTRS,1/24/2018,1.38,1.307,0.055853099,10/26/2017,3/8/2018
GD,1/24/2018,2.5,2.381,0.049979,10/26/2017,3/8/2018
ABT,1/24/2018,0.74,0.732,0.010928962,10/26/2017,3/8/2018
ITW,1/24/2018,1.7,1.615,0.052631579,10/26/2017,3/8/2018
APH,1/24/2018,0.86,0.815,0.055214724,10/26/2017,3/8/2018
DFS,1/24/2018,1.56,1.542,0.011673152,10/26/2017,3/8/2018
WHR,1/24/2018,4.1,3.993,0.026796895,10/26/2017,3/8/2018
PX,1/25/2018,1.52,1.48,0.027027027,10/27/2017,3/9/2018
ALK,1/25/2018,0.83,0.823,0.008505468,10/27/2017,3/9/2018
LUV,1/25/2018,0.77,0.765,0.006535948,10/27/2017,3/9/2018
MKC,1/25/2018,1.54,1.515,0.01650165,10/27/2017,3/9/2018
SHW,1/25/2018,3.16,3.162,-0.000632511,10/27/2017,3/9/2018
LLL,1/25/2018,2.35,2.22,0.058558559,10/27/2017,3/9/2018
AAL,1/25/2018,0.95,0.919,0.033732318,10/27/2017,3/9/2018
MMM,1/25/2018,2.1,2.023,0.038062284,10/27/2017,3/9/2018
FCX,1/25/2018,0.51,0.485,0.051546392,10/27/2017,3/9/2018
ETFC,1/25/2018,0.64,0.609,0.05090312,10/27/2017,3/9/2018
PKI,1/25/2018,0.97,0.94,0.031914894,10/27/2017,3/9/2018
HON,1/26/2018,1.85,1.841,0.004888647,10/30/2017,3/12/2018
ABBV,1/26/2018,1.48,1.447,0.022805805,10/30/2017,3/12/2018
D,1/29/2018,0.91,0.892,0.020179372,10/31/2017,3/13/2018
AMG,1/29/2018,4.68,4.526,0.03402563,10/31/2017,3/13/2018
DHR,1/30/2018,1.19,1.158,0.027633851,11/1/2017,3/14/2018
HOG,1/30/2018,0.48,0.455,0.054945055,11/1/2017,3/14/2018
ZBH,1/30/2018,2.1,2.098,0.000953289,11/1/2017,3/14/2018
GLW,1/30/2018,0.49,0.47,0.042553191,11/1/2017,3/14/2018
TROW,1/30/2018,1.52,1.459,0.041809459,11/1/2017,3/14/2018
PCAR,1/30/2018,1.18,1.124,0.049822064,11/1/2017,3/14/2018
RHI,1/30/2018,0.65,0.63,0.031746032,11/1/2017,3/14/2018
CHRW,1/30/2018,0.86,0.84,0.023809524,11/1/2017,3/14/2018
JNPR,1/30/2018,0.53,0.518,0.023166023,11/1/2017,3/14/2018
EQR,1/30/2018,0.82,0.812,0.009852217,11/1/2017,3/14/2018
PKG,1/30/2018,1.56,1.513,0.031064111,11/1/2017,3/14/2018
BXP,1/30/2018,1.49,1.465,0.017064846,11/1/2017,3/14/2018
ANTM,1/31/2018,1.29,1.257,0.026252983,11/2/2017,3/15/2018
IVZ,1/31/2018,0.73,0.696,0.048850575,11/2/2017,3/15/2018
WEC,1/31/2018,0.71,0.679,0.045655376,11/2/2017,3/15/2018
SPG,1/31/2018,3.12,3.116,0.001283697,11/2/2017,3/15/2018
NDAQ,1/31/2018,1.05,1.006,0.043737575,11/2/2017,3/15/2018
BA,1/31/2018,3.06,2.903,0.054081984,11/2/2017,3/15/2018
TSCO,1/31/2018,0.91,0.871,0.044776119,11/2/2017,3/15/2018
MDLZ,1/31/2018,0.57,0.557,0.023339318,11/2/2017,3/15/2018
CDNS,1/31/2018,0.39,0.39,0,11/2/2017,3/15/2018
PYPL,1/31/2018,0.55,0.52,0.057692308,11/2/2017,3/15/2018
DRE,1/31/2018,0.3,0.3,0,11/2/2017,3/15/2018
LNC,1/31/2018,1.98,1.937,0.022199277,11/2/2017,3/15/2018
UNM,1/31/2018,1.13,1.076,0.050185874,11/2/2017,3/15/2018
CTXS,1/31/2018,1.66,1.601,0.036851968,11/2/2017,3/15/2018
AVB,1/31/2018,2.25,2.247,0.001335113,11/2/2017,3/15/2018
AFL,1/31/2018,0.8,0.777,0.02960103,11/2/2017,3/15/2018
MAA,1/31/2018,1.5,1.477,0.015572106,11/2/2017,3/15/2018
EBAY,1/31/2018,0.59,0.586,0.006825939,11/2/2017,3/15/2018
CI,2/1/2018,1.94,1.873,0.03577149,11/3/2017,3/16/2018
ETN,2/1/2018,1.29,1.241,0.039484287,11/3/2017,3/16/2018
MPC,2/1/2018,1.04,1.002,0.037924152,11/3/2017,3/16/2018
AME,2/1/2018,0.7,0.669,0.046337818,11/3/2017,3/16/2018
COP,2/1/2018,0.45,0.439,0.025056948,11/3/2017,3/16/2018
CME,2/1/2018,1.12,1.095,0.02283105,11/3/2017,3/16/2018
UPS,2/1/2018,1.67,1.662,0.004813478,11/3/2017,3/16/2018
MA,2/1/2018,1.14,1.12,0.017857143,11/3/2017,3/16/2018
FBHS,2/1/2018,0.8,0.799,0.001251564,11/3/2017,3/16/2018
MSI,2/1/2018,2.1,2.036,0.031434185,11/3/2017,3/16/2018
EW,2/1/2018,0.94,0.91,0.032967033,11/3/2017,3/16/2018
MRK,2/2/2018,0.98,0.935,0.048128342,11/6/2017,3/19/2018
ROP,2/2/2018,2.7,2.608,0.035276074,11/6/2017,3/19/2018
BMY,2/5/2018,0.68,0.672,0.011904762,11/7/2017,3/20/2018
CHD,2/5/2018,0.52,0.501,0.037924152,11/7/2017,3/20/2018
CNC,2/6/2018,0.97,0.929,0.044133477,11/8/2017,3/21/2018
LH,2/6/2018,2.45,2.377,0.03071098,11/8/2017,3/21/2018
AGN,2/6/2018,4.86,4.739,0.025532813,11/8/2017,3/21/2018
FIS,2/6/2018,1.36,1.344,0.011904762,11/8/2017,3/21/2018
CMG,2/6/2018,1.34,1.325,0.011320755,11/8/2017,3/21/2018
HUM,2/7/2018,2.06,2,0.03,11/9/2017,3/22/2018
GGP,2/7/2018,0.48,0.463,0.036717063,11/9/2017,3/22/2018
ICE,2/7/2018,0.73,0.72,0.013888889,11/9/2017,3/22/2018
FISV,2/7/2018,0.71,0.69,0.028985507,11/9/2017,3/22/2018
ESS,2/7/2018,3.01,3,0.003333333,11/9/2017,3/22/2018
PRU,2/7/2018,2.69,2.641,0.018553578,11/9/2017,3/22/2018
ORLY,2/7/2018,2.9,2.776,0.044668588,11/9/2017,3/22/2018
TMK,2/7/2018,1.24,1.227,0.010594947,11/9/2017,3/22/2018
WLTW,2/8/2018,2.21,2.1,0.052380952,11/10/2017,3/23/2018
SNA,2/8/2018,2.69,2.655,0.013182674,11/10/2017,3/23/2018
BWA,2/8/2018,1.07,1.01,0.059405941,11/10/2017,3/23/2018
CVS,2/8/2018,1.92,1.886,0.018027572,11/10/2017,3/23/2018
SEE,2/8/2018,0.58,0.576,0.006944444,11/10/2017,3/23/2018
MAS,2/8/2018,0.44,0.435,0.011494253,11/10/2017,3/23/2018
K,2/8/2018,0.96,0.959,0.001042753,11/10/2017,3/23/2018
MHK,2/8/2018,3.42,3.321,0.029810298,11/10/2017,3/23/2018
FTV,2/8/2018,0.82,0.784,0.045918367,11/10/2017,3/23/2018
ATVI,2/8/2018,0.94,0.925,0.016216216,11/10/2017,3/23/2018
MTD,2/8/2018,5.97,5.93,0.006745363,11/10/2017,3/23/2018
REG,2/8/2018,0.92,0.916,0.004366812,11/10/2017,3/23/2018
MCO,2/9/2018,1.51,1.48,0.02027027,11/13/2017,3/26/2018
FMC,2/12/2018,1.1,1.046,0.051625239,11/14/2017,3/27/2018
VNO,2/12/2018,0.8,0.763,0.048492792,11/14/2017,3/27/2018
PEP,2/13/2018,1.31,1.304,0.004601227,11/15/2017,3/28/2018
HCP,2/13/2018,0.48,0.471,0.01910828,11/15/2017,3/28/2018
OXY,2/13/2018,0.41,0.403,0.017369727,11/15/2017,3/28/2018
IQV,2/14/2018,1.4,1.344,0.041666667,11/16/2017,3/29/2018
IPG,2/14/2018,0.79,0.77,0.025974026,11/16/2017,3/29/2018
FLIR,2/14/2018,0.58,0.552,0.050724638,11/16/2017,3/29/2018
XEC,2/14/2018,1.47,1.401,0.049250535,11/16/2017,3/29/2018
OMC,2/15/2018,1.55,1.54,0.006493506,11/17/2017,4/2/2018
GPN,2/15/2018,1.07,1.033,0.035818006,11/17/2017,4/2/2018
ZTS,2/15/2018,0.69,0.658,0.048632219,11/17/2017,4/2/2018
WM,2/15/2018,0.85,0.832,0.021634615,11/17/2017,4/2/2018
HII,2/15/2018,3.11,2.941,0.057463448,11/17/2017,4/2/2018
KIM,2/15/2018,0.39,0.382,0.020942408,11/17/2017,4/2/2018
CBS,2/15/2018,1.15,1.11,0.036036036,11/17/2017,4/2/2018
DLR,2/15/2018,1.55,1.509,0.027170311,11/17/2017,4/2/2018
ED,2/15/2018,0.8,0.774,0.033591731,11/17/2017,4/2/2018
NWL,2/16/2018,0.68,0.676,0.00591716,11/20/2017,4/3/2018
KO,2/16/2018,0.39,0.385,0.012987013,11/20/2017,4/3/2018
DTE,2/16/2018,1.26,1.189,0.059714045,11/20/2017,4/3/2018
NI,2/20/2018,0.33,0.322,0.02484472,11/21/2017,4/4/2018
DUK,2/20/2018,0.94,0.92,0.02173913,11/21/2017,4/4/2018
GPC,2/20/2018,1.12,1.12,0,11/21/2017,4/4/2018
EXR,2/20/2018,1.12,1.084,0.033210332,11/21/2017,4/4/2018
FE,2/20/2018,0.71,0.683,0.039531479,11/21/2017,4/4/2018
AWK,2/20/2018,0.69,0.663,0.040723982,11/21/2017,4/4/2018
PSA,2/20/2018,2.75,2.726,0.008804109,11/21/2017,4/4/2018
GRMN,2/21/2018,0.79,0.755,0.046357616,11/22/2017,4/5/2018
ANSS,2/21/2018,1.07,1.032,0.036821705,11/22/2017,4/5/2018
PWR,2/22/2018,0.45,0.441,0.020408163,11/24/2017,4/6/2018
LUK,2/22/2018,0.49,0.47,0.042553191,11/24/2017,4/6/2018
PEG,2/23/2018,0.57,0.563,0.012433393,11/27/2017,4/9/2018
ESRX,2/27/2018,2.16,2.087,0.034978438,11/29/2017,4/11/2018
MYL,2/28/2018,1.43,1.405,0.017793594,11/30/2017,4/12/2018
EFX,3/1/2018,1.39,1.353,0.027346637,12/1/2017,4/13/2018
XRAY,3/1/2018,0.82,0.812,0.009852217,12/1/2017,4/13/2018
PRGO,3/1/2018,1.28,1.25,0.024,12/1/2017,4/13/2018
SYMC,5/10/2017,0.28,0.283,-0.010600707,2/13/2017,6/22/2017
CAG,6/29/2017,0.37,0.374,-0.010695187,4/4/2017,8/11/2017
STX,7/25/2017,0.65,0.98,-0.336734694,4/28/2017,9/6/2017
ADP,7/27/2017,0.66,0.669,-0.013452915,5/2/2017,9/8/2017
COTY,8/22/2017,0,0.091,-1,5/26/2017,10/4/2017
CPB,8/31/2017,0.52,0.551,-0.056261343,6/7/2017,10/13/2017
ACN,9/28/2017,1.41,1.463,-0.036226931,7/5/2017,11/9/2017
VAR,10/25/2017,1.09,1.189,-0.083263246,8/1/2017,12/7/2017
EMR,11/7/2017,0.81,0.819,-0.010989011,8/14/2017,12/20/2017
ROK,11/8/2017,1.69,1.717,-0.015725102,8/15/2017,12/21/2017
DIS,11/9/2017,1.07,1.141,-0.062226117,8/16/2017,12/22/2017
HPQ,11/21/2017,0.44,0.442,-0.004524887,8/28/2017,1/5/2018
LEN,1/10/2018,1.29,1.475,-0.125423729,10/13/2017,2/23/2018
WFC,1/12/2018,0.86,1.022,-0.15851272,10/17/2017,2/27/2018
FAST,1/17/2018,0.45,0.453,-0.006622517,10/19/2017,3/1/2018
JBHT,1/18/2018,0.92,1.01,-0.089108911,10/20/2017,3/2/2018
NFLX,1/22/2018,0.41,0.414,-0.009661836,10/24/2017,3/6/2018
VZ,1/23/2018,0.86,0.884,-0.027149321,10/25/2017,3/7/2018
HBAN,1/23/2018,0.26,0.262,-0.007633588,10/25/2017,3/7/2018
COF,1/23/2018,1.62,1.872,-0.134615385,10/25/2017,3/7/2018
GE,1/24/2018,0.27,0.284,-0.049295775,10/26/2017,3/8/2018
SLG,1/24/2018,1.6,1.603,-0.001871491,10/26/2017,3/8/2018
F,1/24/2018,0.39,0.392,-0.005102041,10/26/2017,3/8/2018
URI,1/24/2018,3.34,3.354,-0.00417412,10/26/2017,3/8/2018
BIIB,1/25/2018,5.26,5.445,-0.033976125,10/27/2017,3/9/2018
RTN,1/25/2018,1.94,2.037,-0.047619048,10/27/2017,3/9/2018
CELG,1/25/2018,2,2.005,-0.002493766,10/27/2017,3/9/2018
UNP,1/25/2018,1.53,1.544,-0.009067358,10/27/2017,3/9/2018
CL,1/26/2018,0.75,0.756,-0.007936508,10/30/2017,3/12/2018
NEE,1/26/2018,1.25,1.308,-0.044342508,10/30/2017,3/12/2018
ARE,1/19/2018,1.53,1.538,-0.00520156,10/23/2017,3/5/2018
PFG,1/29/2018,1.19,1.363,-0.126925899,10/31/2017,3/13/2018
PHM,1/30/2018,0.85,0.855,-0.005847953,11/1/2017,3/14/2018
PNR,1/30/2018,0.93,0.933,-0.003215434,11/1/2017,3/14/2018
SYK,1/30/2018,1.96,1.964,-0.00203666,11/1/2017,3/14/2018
CB,1/30/2018,2.28,2.319,-0.016817594,11/1/2017,3/14/2018
TXT,1/31/2018,0.74,0.771,-0.040207523,11/2/2017,3/15/2018
IR,1/31/2018,1.02,1.028,-0.007782101,11/2/2017,3/15/2018
BSX,2/1/2018,0.34,0.348,-0.022988506,11/3/2017,3/16/2018
APTV,2/1/2018,1.28,1.33,-0.037593985,11/3/2017,3/16/2018
XYL,2/1/2018,0.76,0.761,-0.00131406,11/3/2017,3/16/2018
HSY,2/1/2018,1.03,1.071,-0.038281979,11/3/2017,3/16/2018
AMGN,2/1/2018,2.89,3.034,-0.047462096,11/3/2017,3/16/2018
GOOGL,2/1/2018,9.7,10.031,-0.032997707,11/3/2017,3/16/2018
MAT,2/1/2018,-0.72,0.162,-5.444444444,11/3/2017,3/16/2018
AIV,2/1/2018,0.63,0.631,-0.001584786,11/3/2017,3/16/2018
WY,2/2/2018,0.31,0.354,-0.124293785,11/6/2017,3/19/2018
AON,2/2/2018,2.34,2.347,-0.002982531,11/6/2017,3/19/2018
CHTR,2/2/2018,0.77,0.843,-0.086595492,11/6/2017,3/19/2018
XOM,2/2/2018,0.88,1.03,-0.145631068,11/6/2017,3/19/2018
CVX,2/2/2018,0.67,1.223,-0.452166803,11/6/2017,3/19/2018
HES,2/5/2018,-1.01,-0.903,0.118493909,11/7/2017,3/20/2018
LEG,2/5/2018,0.59,0.611,-0.034369885,11/7/2017,3/20/2018
MAC,2/5/2018,1.03,1.138,-0.094903339,11/7/2017,3/20/2018
IT,2/6/2018,1.17,1.32,-0.113636364,11/8/2017,3/21/2018
CERN,2/6/2018,0.58,0.611,-0.050736498,11/8/2017,3/21/2018
XEL,2/7/2018,0.42,0.426,-0.014084507,11/9/2017,3/22/2018
EXC,2/7/2018,0.55,0.601,-0.084858569,11/9/2017,3/22/2018
NLSN,2/8/2018,0.61,0.808,-0.245049505,11/10/2017,3/23/2018
PM,2/8/2018,1.31,1.351,-0.03034789,11/10/2017,3/23/2018
HBI,2/8/2018,0.52,0.523,-0.005736138,11/10/2017,3/23/2018
EXPE,2/8/2018,0.84,1.151,-0.270199826,11/10/2017,3/23/2018
VRSN,2/8/2018,0.96,0.97,-0.010309278,11/10/2017,3/23/2018
AIG,2/8/2018,0.57,0.714,-0.201680672,11/10/2017,3/23/2018
CBOE,2/9/2018,0.87,0.877,-0.007981756,11/13/2017,3/26/2018
PCG,2/9/2018,0.63,0.682,-0.076246334,11/13/2017,3/26/2018
L,2/12/2018,0.22,0.71,-0.690140845,11/14/2017,3/27/2018
BHF,2/12/2018,0.37,2.118,-0.825306893,11/14/2017,3/27/2018
UAA,2/13/2018,0,0.003,-1,11/15/2017,3/28/2018
DVA,2/13/2018,0.92,0.923,-0.003250271,11/15/2017,3/28/2018
WU,2/13/2018,0.41,0.45,-0.088888889,11/15/2017,3/28/2018
MET,2/13/2018,0.64,0.846,-0.243498818,11/15/2017,3/28/2018
FRT,2/13/2018,1.3,1.465,-0.112627986,11/15/2017,3/28/2018
CMS,2/14/2018,0.51,0.514,-0.007782101,11/16/2017,3/29/2018
TRIP,2/14/2018,0.06,0.14,-0.571428571,11/16/2017,3/29/2018
EQIX,2/14/2018,3.61,3.87,-0.067183463,11/16/2017,3/29/2018
WMB,2/14/2018,0.2,0.206,-0.029126214,11/16/2017,3/29/2018
CTL,2/14/2018,0.18,0.292,-0.383561644,11/16/2017,3/29/2018
INCY,2/15/2018,-0.71,-0.484,0.466942149,11/17/2017,4/2/2018
ANDV,2/15/2018,0.75,1.106,-0.321880651,11/17/2017,4/2/2018
IRM,2/16/2018,0.53,0.58,-0.086206897,11/20/2017,4/3/2018
VFC,2/16/2018,1.01,1.019,-0.008832188,11/20/2017,4/3/2018
KHC,2/16/2018,0.9,0.946,-0.048625793,11/20/2017,4/3/2018
VMC,2/16/2018,0.74,0.744,-0.005376344,11/20/2017,4/3/2018
HSIC,2/20/2018,0.97,0.971,-0.001029866,11/21/2017,4/4/2018
ECL,2/20/2018,1.39,1.396,-0.004297994,11/21/2017,4/4/2018
DVN,2/20/2018,0.38,0.624,-0.391025641,11/21/2017,4/4/2018
DISH,2/21/2018,0.53,0.568,-0.066901408,11/22/2017,4/5/2018
SRCL,2/21/2018,1,1.138,-0.121265378,11/22/2017,4/5/2018
O,2/21/2018,0.61,0.621,-0.017713366,11/22/2017,4/5/2018
FTI,2/21/2018,0.2,0.452,-0.557522124,11/22/2017,4/5/2018
LKQ,2/22/2018,0.41,0.421,-0.026128266,11/24/2017,4/6/2018
ES,2/22/2018,0.75,0.752,-0.002659574,11/24/2017,4/6/2018
LNT,2/22/2018,0.33,0.357,-0.075630252,11/24/2017,4/6/2018
SBAC,2/26/2018,1.43,1.53,-0.065359477,11/28/2017,4/10/2018
OKE,2/26/2018,0.16,0.527,-0.696394687,11/28/2017,4/10/2018
MNST,2/28/2018,0.23,0.373,-0.383378016,11/30/2017,4/12/2018
NRG,3/1/2018,-1.62,0.333,-5.864864865,12/1/2017,4/13/2018
